ax,ay,in_goal
9.897143714491104,3.200573950646076,True
